H Zhang, J Zhang, X Zhang (2)
E Johnson, C Johnson (1)
M Hicks, MA Hicks (supposed to be same )
R Anderson, RE Anderson (supposed to be same)
CA Lee, J Lee (1)
G Desai, S Desai (1)
S Shah, P Shah (1)
KL Kumar, A Kumar (1)
C Le Dantec, CA Le Dantec (supposed to be same)

